{
  "project_info": {
    "project_number": "548444171597",
    "project_id": "finalproject-d263a",
    "storage_bucket": "finalproject-d263a.appspot.com"
  },
  "client": [
    {
      "client_info": {
        "mobilesdk_app_id": "1:548444171597:android:bc64e0b3bfa173b4c09b04",
        "android_client_info": {
          "package_name": "com.example.finalproject"
        }
      },
      "oauth_client": [],
      "api_key": [
        {
          "current_key": "AIzaSyDZyQNy4hKrj9MdPo8rBjw1mpDDcnth9aY"
        }
      ],
      "services": {
        "appinvite_service": {
          "other_platform_oauth_client": []
        }
      }
    }
  ],
  "configuration_version": "1"
}